<?xml version="1.0" encoding="UTF-8"?>
<!--
    Licensed to the Apache Software Foundation (ASF) under one or more
    contributor license agreements.  See the NOTICE file distributed with
    this work for additional information regarding copyright ownership.
    The ASF licenses this file to You under the Apache License, Version 2.0
    (the "License"); you may not use this file except in compliance with
    the License.  You may obtain a copy of the License at

       http://www.apache.org/licenses/LICENSE-2.0

    Unless required by applicable law or agreed to in writing, software
    distributed under the License is distributed on an "AS IS" BASIS,
    WITHOUT WARRANTIES OR CONDITIONS OF ANY KIND, either express or implied.
    See the License for the specific language governing permissions and
    limitations under the License.
-->
<ejb-jar version="3.0"
    xmlns="http://java.sun.com/xml/ns/javaee"
    xmlns:xsi="http://www.w3.org/2001/XMLSchema-instance" xsi:schemaLocation="http://java.sun.com/xml/ns/javaee http://java.sun.com/xml/ns/javaee/ejb-jar_3_0.xsd"> 
    <display-name>DayTrader Enterprise Bean Definitions</display-name>

    <!-- 
        All EJB 3.0 properties and attributes have been applied to the various DayTrader 
        entity, session and message driven beans using annotations. The inline annotations 
        can be overriden by modifing this file. 
    -->    

    <assembly-descriptor>
	    <message-destination>
	        <message-destination-name>TradeBrokerQueue</message-destination-name>
	    </message-destination>
	    <message-destination>
	        <message-destination-name>TradeStreamerTopic</message-destination-name>
	    </message-destination>
	</assembly-descriptor>    
</ejb-jar>
