<?xml version="1.0" encoding="UTF-8"?>
<!DOCTYPE jboss PUBLIC "-//JBoss//DTD JBOSS 3.0//EN" "http://www.jboss.org/j2ee/dtd/jboss_4_0.dtd">
<!--
    Licensed to the Apache Software Foundation (ASF) under one or more
    contributor license agreements.  See the NOTICE file distributed with
    this work for additional information regarding copyright ownership.
    The ASF licenses this file to You under the Apache License, Version 2.0
    (the "License"); you may not use this file except in compliance with
    the License.  You may obtain a copy of the License at

       http://www.apache.org/licenses/LICENSE-2.0

    Unless required by applicable law or agreed to in writing, software
    distributed under the License is distributed on an "AS IS" BASIS,
    WITHOUT WARRANTIES OR CONDITIONS OF ANY KIND, either express or implied.
    See the License for the specific language governing permissions and
    limitations under the License.
-->

<jboss>

   <enterprise-beans>

     <!--
       To add beans that you have deployment descriptor info for, add
       a file to your XDoclet merge directory called jboss-beans.xml that contains
       the <session></session>, <entity></entity> and <message-driven></message-driven>
       markup for those beans.
     -->
     <entity>
     <ejb-name>QuoteEJB</ejb-name>
     <jndi-name>Quote</jndi-name>
     </entity>
     
     <entity>
     <ejb-name>AccountEJB</ejb-name>
     <jndi-name>Account</jndi-name>
     </entity>
     
     <entity>
     <ejb-name>HoldingEJB</ejb-name>
     <jndi-name>Holding</jndi-name>
     </entity>
     
     <entity>
     <ejb-name>OrderEJB</ejb-name>
     <jndi-name>Order</jndi-name>
     </entity>
     
     <entity>
     <ejb-name>AccountProfileEJB</ejb-name>
     <jndi-name>AccountProfile</jndi-name>
     </entity>
     
      <entity>
     <ejb-name>KeyGenEJB</ejb-name>
     <jndi-name>KeyGen</jndi-name>
     </entity>
           
        

      
     <session>
         <ejb-name>TradeEJB</ejb-name>
         <jndi-name>ejb/Trade</jndi-name>
          
           <ejb-ref>
               <ejb-ref-name>ejb/Trade</ejb-ref-name>
               <jndi-name>Trade</jndi-name>
            </ejb-ref>
            
            <ejb-local-ref>
               <ejb-ref-name>ejb/Quote</ejb-ref-name>
               <local-jndi-name>Quote</local-jndi-name>
            </ejb-local-ref>
            
            <ejb-local-ref>
               <ejb-ref-name>ejb/Account</ejb-ref-name>
               <local-jndi-name>Account</local-jndi-name>
            </ejb-local-ref>
            
            
            <ejb-local-ref>
               <ejb-ref-name>ejb/Holding</ejb-ref-name>
               <local-jndi-name>Holding</local-jndi-name>
            </ejb-local-ref>
            
            <ejb-local-ref>
               <ejb-ref-name>ejb/Order</ejb-ref-name>
               <local-jndi-name>Order</local-jndi-name>
            </ejb-local-ref>
            <ejb-local-ref>
               <ejb-ref-name>ejb/KeySequence</ejb-ref-name>
               <local-jndi-name>KeySequence</local-jndi-name>
            </ejb-local-ref>
            <ejb-local-ref>
               <ejb-ref-name>ejb/AccountProfile</ejb-ref-name>
               <local-jndi-name>AccountProfile</local-jndi-name>
             </ejb-local-ref>
            
               
            <resource-ref>
               <res-ref-name>jms/QueueConnectionFactory</res-ref-name>
               <jndi-name>ConnectionFactory</jndi-name>
            </resource-ref>
            
            <resource-ref>
               <res-ref-name>jms/TopicConnectionFactory</res-ref-name>
               <jndi-name>ConnectionFactory</jndi-name>
            </resource-ref>
            
             <resource-ref>
               <res-ref-name>jdbc/TradeDataSource</res-ref-name>
               <jndi-name>jdbc/TradeDataSource</jndi-name>
            </resource-ref>


            <message-destination-ref>
                <message-destination-ref-name>jms/TradeBrokerQueue</message-destination-ref-name>
                <jndi-name>TradeBrokerQueue</jndi-name>
            </message-destination-ref>
            <message-destination-ref>
                <message-destination-ref-name>jms/TradeStreamerTopic</message-destination-ref-name>
                <jndi-name>TradeStreamerTopic</jndi-name>
            </message-destination-ref>
                
      </session>
   
   
        <session>
         <ejb-name>KeySequenceEJB</ejb-name>
         <jndi-name>KeySequence</jndi-name>

      </session>   
  
      <message-driven>
         <ejb-name>TradeStreamerMDB</ejb-name> 
         <destination-jndi-name>TradeStreamerTopic</destination-jndi-name>  
      </message-driven>
      
      <message-driven>
         <ejb-name>TradeBrokerMDB</ejb-name>   
         <destination-jndi-name>TradeBrokerQueue</destination-jndi-name> 
         <ejb-ref>
         <ejb-ref-name>ejb/Trade</ejb-ref-name>
         <jndi-name>Trade</jndi-name>
         </ejb-ref>                      
      </message-driven>
  
  

   </enterprise-beans>
  
   <resource-managers>
          <resource-manager>
               <res-name>jms/QueueConnectionFactory</res-name>
               <res-jndi-name>ConnectionFactory</res-jndi-name>
            </resource-manager>
            
            <resource-manager>
               <res-name>jms/TopicConnectionFactory</res-name>
               <res-jndi-name>ConnectionFactory</res-jndi-name>
            </resource-manager>
            
            <resource-manager>
               <res-name>jms/TradeStreamerTopic</res-name>
               <res-jndi-name>TradeStreamerTopic</res-jndi-name>
            </resource-manager>
            
            <resource-manager>
               <res-name>jms/TradeBrokerQueue</res-name>
               <res-jndi-name>TradeBrokerQueue</res-jndi-name>
            </resource-manager>
            
             <resource-manager>
               <res-name>jdbc/TradeDataSource</res-name>
               <res-jndi-name>jdbc/TradeDataSource</res-jndi-name>
            </resource-manager>

   </resource-managers> 

  <!--
    | for container settings, you can merge in jboss-container.xml
    | this can contain <invoker-proxy-bindings/> and <container-configurations/>
  -->

</jboss>
