Expense ID,Expense Date,Expense,Recipient/Patient,Merchant/Provider,Submitted Amount,Expense Status,Description,Expense Description,EOB Number,Source,Date Received,Date(s) of Service,Total Billed Amount,Expense Amount,Payable Amount,Notes,Payee,Provider Account Number,Provider Address Line 1,Provider Address Line 2,Provider Address Line 3,Provider City,Provider State,Provider Zip Code
,"6/10/2014","Other","Undefined","ADVANCED LASER BODY CA",500.00,"Paid",,"ADVANCED LASER BODY CA",,,,,0.00,0.00,0.00,,,,,,,,,
,"2/4/2014","Other","Undefined","ALL BEAR CUB PEDIATRIC",159.49,"Paid",,"ALL BEAR CUB PEDIATRIC",,,,,0.00,0.00,0.00,,,,,,,,,
,"4/4/2017","Vision","Narendra Makwana","CUSTOMEYES",167.09,"Paid",,"CUSTOMEYES",,,,,0.00,0.00,0.00,,,,,,,,,
,"4/4/2017","Vision","Narendra Makwana","CUSTOMEYES",10.00,"Paid",,"CUSTOMEYES",,,,,0.00,0.00,0.00,,,,,,,,,
,"2/10/2015","Pharmacy","Narendra Makwana","CVS/PHARMACY #02863",14.51,"Paid",,"CVS/PHARMACY #02863",,,,,0.00,0.00,0.00,,,,,,,,,
,"12/4/2014","Other","Undefined","CVS/PHARMACY #05688",10.94,"Paid",,"CVS/PHARMACY #05688",,,,,0.00,0.00,0.00,,,,,,,,,
,"1/1/2015","Pharmacy","Narendra Makwana","CVS/PHARMACY #05688",50.00,"Paid",,"CVS/PHARMACY #05688",,,,,0.00,0.00,0.00,,,,,,,,,
,"5/12/2015","Pharmacy","Narendra Makwana","CVS/PHARMACY #05688",3.38,"Paid",,"CVS/PHARMACY #05688",,,,,0.00,0.00,0.00,,,,,,,,,
,"6/16/2015","Pharmacy","Narendra Makwana","CVS/PHARMACY #05688",85.47,"Paid",,"CVS/PHARMACY #05688",,,,,0.00,0.00,0.00,,,,,,,,,
,"3/24/2016","Pharmacy","Narendra Makwana","CVS/PHARMACY #05688",16.19,"Paid",,"CVS/PHARMACY #05688",,,,,0.00,0.00,0.00,,,,,,,,,
,"6/24/2017","Pharmacy","Narendra Makwana","CVS/PHARMACY #05688",4.11,"Paid",,"CVS/PHARMACY #05688",,,,,0.00,0.00,0.00,,,,,,,,,
,"7/20/2017","Pharmacy","Narendra Makwana","CVS/PHARMACY #05688",5.00,"Paid",,"CVS/PHARMACY #05688",,,,,0.00,0.00,0.00,,,,,,,,,
,"9/10/2017","Pharmacy","Narendra Makwana","CVS/PHARMACY #05688",2.12,"Paid",,"CVS/PHARMACY #05688",,,,,0.00,0.00,0.00,,,,,,,,,
,"3/10/2012","Other","Undefined","DUPAGE MEDICAL GROUP P",156.15,"Paid",,"Debit Card Distribution",,,,,0.00,0.00,0.00,,,,,,,,,
,"3/10/2012","Other","Undefined","Central Dupage Emer Ph",138.79,"Paid",,"Debit Card Distribution",,,,,0.00,0.00,0.00,,,,,,,,,
,"3/20/2012","Other","Undefined","CVS PHARMACY #5688 Q03",65.81,"Paid",,"Debit Card Distribution",,,,,0.00,0.00,0.00,,,,,,,,,
,"5/26/2012","Other","Undefined","RAJ PATEL MD SC",330.00,"Paid",,"Debit Card Distribution",,,,,0.00,0.00,0.00,,,,,,,,,
,"5/29/2012","Other","Undefined","CVS PHARMACY #5688 Q03",117.78,"Paid",,"Debit Card Distribution",,,,,0.00,0.00,0.00,,,,,,,,,
,"6/26/2012","Other","Undefined","MEDCO HEALTH NETPK",45.55,"Paid",,"Debit Card Distribution",,,,,0.00,0.00,0.00,,,,,,,,,
,"6/30/2012","Other","Undefined","MEDCO HEALTH NETPK",72.80,"Paid",,"Debit Card Distribution",,,,,0.00,0.00,0.00,,,,,,,,,
,"7/12/2012","Other","Undefined","MEDCO HEALTH COLUMBUS",35.59,"Paid",,"Debit Card Distribution",,,,,0.00,0.00,0.00,,,,,,,,,
,"7/20/2012","Other","Undefined","MEDCO HEALTH NETPK",10.30,"Paid",,"Debit Card Distribution",,,,,0.00,0.00,0.00,,,,,,,,,
,"7/21/2012","Other","Undefined","CVS PHARMACY #5688 Q03",114.23,"Paid",,"Debit Card Distribution",,,,,0.00,0.00,0.00,,,,,,,,,
,"8/4/2012","Other","Undefined","MEDCO HEALTH NETPK",72.80,"Paid",,"Debit Card Distribution",,,,,0.00,0.00,0.00,,,,,,,,,
,"9/15/2012","Other","Undefined","RAJ PATEL MD SC",65.00,"Paid",,"Debit Card Distribution",,,,,0.00,0.00,0.00,,,,,,,,,
,"9/15/2012","Other","Undefined","RAJ PATEL MD SC",100.00,"Paid",,"Debit Card Distribution",,,,,0.00,0.00,0.00,,,,,,,,,
,"10/12/2012","Other","Undefined","CVS PHARMACY #5688 Q03",30.79,"Paid",,"Debit Card Distribution",,,,,0.00,0.00,0.00,,,,,,,,,
,"11/6/2012","Other","Undefined","ESI PHARM NETPK",45.89,"Paid",,"Debit Card Distribution",,,,,0.00,0.00,0.00,,,,,,,,,
,"11/30/2012","Other","Undefined","PROVENA MED GRP-CBO",170.70,"Paid",,"Debit Card Distribution",,,,,0.00,0.00,0.00,,,,,,,,,
,"12/21/2012","Other","Undefined","LONGEVITY SPA",500.00,"Paid",,"Debit Card Distribution",,,,,0.00,0.00,0.00,,,,,,,,,
,"1/5/2013","Other","Undefined","SCHAUMBURG DERMATOLOGY",150.22,"Paid",,"Debit Card Distribution",,,,,0.00,0.00,0.00,,,,,,,,,
,"1/10/2013","Other","Undefined","ESI PHARM NETPK",37.76,"Paid",,"Debit Card Distribution",,,,,0.00,0.00,0.00,,,,,,,,,
,"1/29/2013","Other","Undefined","CVS PHARMACY #5688 Q03",12.42,"Paid",,"Debit Card Distribution",,,,,0.00,0.00,0.00,,,,,,,,,
,"2/16/2013","Other","Undefined","CVS PHARMACY #5688 Q03",167.75,"Paid",,"Debit Card Distribution",,,,,0.00,0.00,0.00,,,,,,,,,
,"2/23/2013","Other","Undefined","ESI PHARM FAIRFIELD",381.23,"Paid",,"Debit Card Distribution",,,,,0.00,0.00,0.00,,,,,,,,,
,"3/12/2013","Other","Undefined","WILLOW LAKE PHARMACY",13.00,"Paid",,"Debit Card Distribution",,,,,0.00,0.00,0.00,,,,,,,,,
,"3/14/2013","Other","Undefined","RAJ PATEL MD SC",73.04,"Paid",,"Debit Card Distribution",,,,,0.00,0.00,0.00,,,,,,,,,
,"3/26/2013","Other","Undefined","QDI*QUEST DIAGNOSTICS",54.08,"Paid",,"Debit Card Distribution",,,,,0.00,0.00,0.00,,,,,,,,,
,"3/26/2013","Other","Undefined","RAJ PATEL MD SC",118.04,"Paid",,"Debit Card Distribution",,,,,0.00,0.00,0.00,,,,,,,,,
,"3/26/2013","Other","Undefined","DR BRUCE KOLTON",401.65,"Paid",,"Debit Card Distribution",,,,,0.00,0.00,0.00,,,,,,,,,
,"3/26/2013","Other","Undefined","ELK GROVE FOOT CLINIC",150.00,"Paid",,"Debit Card Distribution",,,,,0.00,0.00,0.00,,,,,,,,,
,"3/27/2013","Other","Undefined","BAKO PATHOLOGY SERVICE",76.82,"Paid",,"Debit Card Distribution",,,,,0.00,0.00,0.00,,,,,,,,,
,"4/30/2013","Other","Undefined","FAMILY ORAL CARE IN",69.20,"Paid",,"Debit Card Distribution",,,,,0.00,0.00,0.00,,,,,,,,,
,"5/22/2013","Other","Undefined","RAJ PATEL MD SC",300.00,"Paid",,"Debit Card Distribution",,,,,0.00,0.00,0.00,,,,,,,,,
,"5/30/2013","Other","Undefined","PROVENA MED GRP-CBO",80.17,"Paid",,"Debit Card Distribution",,,,,0.00,0.00,0.00,,,,,,,,,
,"5/30/2013","Other","Undefined","QDI*QUEST DIAGNOSTICS",7.42,"Paid",,"Debit Card Distribution",,,,,0.00,0.00,0.00,,,,,,,,,
,"7/26/2013","Other","Undefined","ESI PHARM NETPK",22.65,"Paid",,"Debit Card Distribution",,,,,0.00,0.00,0.00,,,,,,,,,
,"7/26/2013","Other","Undefined","ESI PHARM NETPK",10.15,"Paid",,"Debit Card Distribution",,,,,0.00,0.00,0.00,,,,,,,,,
,"7/30/2013","Other","Undefined","ADVANCED LASER BODY CA",650.00,"Paid",,"Debit Card Distribution",,,,,0.00,0.00,0.00,,,,,,,,,
,"7/30/2013","Other","Undefined","ST. ALEXIUS MEDICAL CE",371.35,"Paid",,"Debit Card Distribution",,,,,0.00,0.00,0.00,,,,,,,,,
,"8/22/2013","Other","Undefined","WAL-MART #1420",106.09,"Paid",,"Debit Card Distribution",,,,,0.00,0.00,0.00,,,,,,,,,
,"10/1/2013","Other","Undefined","ESI PHARM NETPK",12.17,"Paid",,"Debit Card Distribution",,,,,0.00,0.00,0.00,,,,,,,,,
,"10/2/2013","Other","Undefined","ESI PHARM COLUMBUS",35.15,"Paid",,"Debit Card Distribution",,,,,0.00,0.00,0.00,,,,,,,,,
,"10/8/2013","Other","Undefined","FAMILY ORAL CARE IN",27.00,"Paid",,"Debit Card Distribution",,,,,0.00,0.00,0.00,,,,,,,,,
,"10/10/2013","Other","Undefined","QDI*QUEST DIAGNOSTICS",28.24,"Paid",,"Debit Card Distribution",,,,,0.00,0.00,0.00,,,,,,,,,
,"10/22/2013","Other","Undefined","SHERMAN HOSPITAL",821.33,"Paid",,"Debit Card Distribution",,,,,0.00,0.00,0.00,,,,,,,,,
,"10/22/2013","Other","Undefined","CVS PHARMACY #5688 Q03",6.52,"Paid",,"Debit Card Distribution",,,,,0.00,0.00,0.00,,,,,,,,,
,"10/29/2013","Other","Undefined","ADVANCED LASER BODY CA",1000.00,"Paid",,"Debit Card Distribution",,,,,0.00,0.00,0.00,,,,,,,,,
,"11/14/2013","Other","Undefined","STEVEN F TEMPEL DDS",43.20,"Paid",,"Debit Card Distribution",,,,,0.00,0.00,0.00,,,,,,,,,
,"11/14/2013","Other","Undefined","WAL-MART #1553",97.86,"Paid",,"Debit Card Distribution",,,,,0.00,0.00,0.00,,,,,,,,,
,"11/30/2013","Other","Undefined","CDA",197.50,"Paid",,"Debit Card Distribution",,,,,0.00,0.00,0.00,,,,,,,,,
,"11/30/2013","Other","Undefined","ADVANCED LASER BODY CA",300.00,"Paid",,"Debit Card Distribution",,,,,0.00,0.00,0.00,,,,,,,,,
,"12/13/2013","Other","Undefined","ESI PHARM NETPK",5.33,"Paid",,"Debit Card Distribution",,,,,0.00,0.00,0.00,,,,,,,,,
,"12/31/2013","Other","Undefined","ESI PHARM COLUMBUS",12.17,"Paid",,"Debit Card Distribution",,,,,0.00,0.00,0.00,,,,,,,,,
,"7/21/2015","Medical","Narendra Makwana","DUPAGE MEDICAL GROUP W",298.03,"Paid",,"DUPAGE MEDICAL GROUP W",,,,,0.00,0.00,0.00,,,,,,,,,
,"9/27/2017","Medical","Narendra Makwana","DUPAGE MEDICAL GROUP W",215.61,"Paid",,"DUPAGE MEDICAL GROUP W",,,,,0.00,0.00,0.00,,,,,,,,,
,"9/15/2015","Medical","Narendra Makwana","ELITE WOMEN'S CARE",199.67,"Paid",,"ELITE WOMEN'S CARE",,,,,0.00,0.00,0.00,,,,,,,,,
,"1/26/2017","Dental","Narendra Makwana","ERICKSON ORAL & MAXILL",747.00,"Paid",,"ERICKSON ORAL & MAXILL",,,,,0.00,0.00,0.00,,,,,,,,,
,"3/29/2017","Dental","Narendra Makwana","ERICKSON ORAL & MAXILL",994.00,"Paid",,"ERICKSON ORAL & MAXILL",,,,,0.00,0.00,0.00,,,,,,,,,
,"5/7/2017","Dental","Narendra Makwana","ERICKSON ORAL & MAXILL",278.00,"Paid",,"ERICKSON ORAL & MAXILL",,,,,0.00,0.00,0.00,,,,,,,,,
,"4/23/2014","Other","Undefined","ESI PHARM COLUMBUS",4.33,"Paid",,"ESI PHARM COLUMBUS",,,,,0.00,0.00,0.00,,,,,,,,,
,"2/28/2015","Pharmacy","Narendra Makwana","ESI PHARM COLUMBUS",33.33,"Paid",,"ESI PHARM COLUMBUS",,,,,0.00,0.00,0.00,,,,,,,,,
,"2/28/2015","Pharmacy","Narendra Makwana","ESI PHARM COLUMBUS",25.00,"Paid",,"ESI PHARM COLUMBUS",,,,,0.00,0.00,0.00,,,,,,,,,
,"8/1/2015","Pharmacy","Narendra Makwana","ESI PHARM COLUMBUS",12.50,"Paid",,"ESI PHARM COLUMBUS",,,,,0.00,0.00,0.00,,,,,,,,,
,"8/4/2015","Pharmacy","Narendra Makwana","ESI PHARM COLUMBUS",24.62,"Paid",,"ESI PHARM COLUMBUS",,,,,0.00,0.00,0.00,,,,,,,,,
,"8/29/2015","Pharmacy","Narendra Makwana","ESI PHARM COLUMBUS",39.12,"Paid",,"ESI PHARM COLUMBUS",,,,,0.00,0.00,0.00,,,,,,,,,
,"4/22/2014","Other","Undefined","ESI PHARM FAIRFIELD",10.21,"Paid",,"ESI PHARM FAIRFIELD",,,,,0.00,0.00,0.00,,,,,,,,,
,"11/11/2015","Pharmacy","Narendra Makwana","ESI PHARM FAIRFIELD",49.71,"Paid",,"ESI PHARM FAIRFIELD",,,,,0.00,0.00,0.00,,,,,,,,,
,"1/13/2016","Pharmacy","Narendra Makwana","ESI PHARM FAIRFIELD",37.46,"Paid",,"ESI PHARM FAIRFIELD",,,,,0.00,0.00,0.00,,,,,,,,,
,"1/20/2016","Pharmacy","Narendra Makwana","ESI PHARM FAIRFIELD",12.50,"Paid",,"ESI PHARM FAIRFIELD",,,,,0.00,0.00,0.00,,,,,,,,,
,"2/4/2014","Other","Undefined","ESI PHARM NETPK",22.71,"Paid",,"ESI PHARM NETPK",,,,,0.00,0.00,0.00,,,,,,,,,
,"5/9/2014","Other","Undefined","ESI PHARM NETPK",22.71,"Paid",,"ESI PHARM NETPK",,,,,0.00,0.00,0.00,,,,,,,,,
,"4/22/2015","Pharmacy","Narendra Makwana","ESI PHARM NETPK",38.55,"Paid",,"ESI PHARM NETPK",,,,,0.00,0.00,0.00,,,,,,,,,
,"5/6/2015","Pharmacy","Narendra Makwana","ESI PHARM NETPK",25.00,"Paid",,"ESI PHARM NETPK",,,,,0.00,0.00,0.00,,,,,,,,,
,"5/22/2015","Pharmacy","Narendra Makwana","ESI PHARM NETPK",12.50,"Paid",,"ESI PHARM NETPK",,,,,0.00,0.00,0.00,,,,,,,,,
,"5/30/2015","Pharmacy","Narendra Makwana","ESI PHARM NETPK",38.55,"Paid",,"ESI PHARM NETPK",,,,,0.00,0.00,0.00,,,,,,,,,
,"3/17/2015","Pharmacy","Narendra Makwana","ESI PHARM NVERSAILLES",12.31,"Paid",,"ESI PHARM NVERSAILLES",,,,,0.00,0.00,0.00,,,,,,,,,
,"4/23/2014","Other","Undefined","ESI PHARM SPOKANE",4.01,"Paid",,"ESI PHARM SPOKANE",,,,,0.00,0.00,0.00,,,,,,,,,
,"12/8/2015","Dental","Narendra Makwana","FAMILY ORAL CARE IN",140.00,"Paid",,"FAMILY ORAL CARE IN",,,,,0.00,0.00,0.00,,,,,,,,,
,"12/22/2015","Dental","Narendra Makwana","FAMILY ORAL CARE IN",45.00,"Paid",,"FAMILY ORAL CARE IN",,,,,0.00,0.00,0.00,,,,,,,,,
,"9/14/2017","Dental","Narendra Makwana","FAMILY ORAL CARE IN",135.00,"Paid",,"FAMILY ORAL CARE IN",,,,,0.00,0.00,0.00,,,,,,,,,
,"12/4/2016","Medical","Narendra Makwana","FOX VALLEY INSTITUTE",15.00,"Paid",,"FOX VALLEY INSTITUTE",,,,,0.00,0.00,0.00,,,,,,,,,
,"5/19/2015","Medical","Narendra Makwana","LONGEVITY SPA",325.00,"Paid",,"LONGEVITY SPA",,,,,0.00,0.00,0.00,,,,,,,,,
,"5/19/2015","Medical","Narendra Makwana","LONGEVITY SPA",400.00,"Paid",,"LONGEVITY SPA",,,,,0.00,0.00,0.00,,,,,,,,,
,"5/19/2015","Medical","Narendra Makwana","LONGEVITY SPA",103.00,"Paid",,"LONGEVITY SPA",,,,,0.00,0.00,0.00,,,,,,,,,
,"11/28/2015","Medical","Narendra Makwana","LONGEVITY SPA",25.00,"Paid",,"LONGEVITY SPA",,,,,0.00,0.00,0.00,,,,,,,,,
,"8/23/2016","Medical","Narendra Makwana","LONGEVITY SPA",25.00,"Paid",,"LONGEVITY SPA",,,,,0.00,0.00,0.00,,,,,,,,,
,"12/6/2016","Medical","Narendra Makwana","LONGEVITY SPA",25.00,"Paid",,"LONGEVITY SPA",,,,,0.00,0.00,0.00,,,,,,,,,
,"12/5/2014","Other","Undefined","MEDSPRING NAPERVILLE C",100.00,"Paid",,"MEDSPRING NAPERVILLE C",,,,,0.00,0.00,0.00,,,,,,,,,
,"3/12/2015","Medical","Narendra Makwana","MEDSPRING NAPERVILLE C",212.67,"Paid",,"MEDSPRING NAPERVILLE C",,,,,0.00,0.00,0.00,,,,,,,,,
,"4/6/2017","Medical","Narendra Makwana","MINUTECLINIC #20845",69.00,"Paid",,"MINUTECLINIC #20845",,,,,0.00,0.00,0.00,,,,,,,,,
,"9/8/2015","Medical","Narendra Makwana","NEW BODY CARE SPA INC",50.00,"Paid",,"NEW BODY CARE SPA INC",,,,,0.00,0.00,0.00,,,,,,,,,
,"12/15/2015","Medical","Narendra Makwana","NEW BODY CARE SPA INC",50.00,"Paid",,"NEW BODY CARE SPA INC",,,,,0.00,0.00,0.00,,,,,,,,,
,"2/12/2016","Medical","Narendra Makwana","NEW BODY CARE SPA INC",100.00,"Paid",,"NEW BODY CARE SPA INC",,,,,0.00,0.00,0.00,,,,,,,,,
,"8/26/2016","Medical","Narendra Makwana","NEW BODY CARE SPA INC",100.00,"Paid",,"NEW BODY CARE SPA INC",,,,,0.00,0.00,0.00,,,,,,,,,
,"11/25/2016","Medical","Narendra Makwana","NEW BODY CARE SPA INC",100.00,"Paid",,"NEW BODY CARE SPA INC",,,,,0.00,0.00,0.00,,,,,,,,,
,"2/14/2012","Other","Undefined","Laboratory Corporation of America",52.54,"Paid",,"Normal Distribution",,,,,0.00,0.00,0.00,,,,,,,,,
,"2/14/2012","Other","Undefined","Laboratory Corporation of Americ",47.47,"Paid",,"Normal Distribution",,,,,0.00,0.00,0.00,,,,,,,,,
,"3/13/2012","Other","Undefined","Medco",72.80,"Paid",,"Normal Distribution",,,,,0.00,0.00,0.00,,,,,,,,,
,"4/5/2012","Other","Undefined","Medco",83.77,"Paid",,"Normal Distribution",,,,,0.00,0.00,0.00,,,,,,,,,
,"4/17/2016","Medical","Narendra Makwana","NORTHWEST DERMATOLOGY",88.90,"Paid",,"NORTHWEST DERMATOLOGY",,,,,0.00,0.00,0.00,,,,,,,,,
,"5/8/2014","Other","Undefined","QDI*QUEST DIAGNOSTICS",87.15,"Paid",,"QDI*QUEST DIAGNOSTICS",,,,,0.00,0.00,0.00,,,,,,,,,
,"5/8/2014","Other","Undefined","QDI*QUEST DIAGNOSTICS",60.99,"Paid",,"QDI*QUEST DIAGNOSTICS",,,,,0.00,0.00,0.00,,,,,,,,,
,"4/9/2015","Dental","Narendra Makwana","QDI*QUEST DIAGNOSTICS",48.89,"Paid",,"QDI*QUEST DIAGNOSTICS",,,,,0.00,0.00,0.00,,,,,,,,,
,"4/25/2015","Dental","Narendra Makwana","QDI*QUEST DIAGNOSTICS",7.19,"Paid",,"QDI*QUEST DIAGNOSTICS",,,,,0.00,0.00,0.00,,,,,,,,,
,"7/21/2015","Dental","Narendra Makwana","QDI*QUEST DIAGNOSTICS",80.38,"Paid",,"QDI*QUEST DIAGNOSTICS",,,,,0.00,0.00,0.00,,,,,,,,,
,"4/17/2016","Dental","Narendra Makwana","QDI*QUEST DIAGNOSTICS",96.05,"Paid",,"QDI*QUEST DIAGNOSTICS",,,,,0.00,0.00,0.00,,,,,,,,,
,"4/17/2016","Dental","Narendra Makwana","QDI*QUEST DIAGNOSTICS",55.01,"Paid",,"QDI*QUEST DIAGNOSTICS",,,,,0.00,0.00,0.00,,,,,,,,,
,"7/29/2017","Dental","Narendra Makwana","QDI*QUEST DIAGNOSTICS",89.46,"Paid",,"QDI*QUEST DIAGNOSTICS",,,,,0.00,0.00,0.00,,,,,,,,,
,"7/29/2017","Dental","Narendra Makwana","QDI*QUEST DIAGNOSTICS",66.46,"Paid",,"QDI*QUEST DIAGNOSTICS",,,,,0.00,0.00,0.00,,,,,,,,,
,"10/23/2014","Other","Undefined","RAJ PATEL MD SC",106.00,"Paid",,"RAJ PATEL MD SC",,,,,0.00,0.00,0.00,,,,,,,,,
,"7/21/2015","Medical","Narendra Makwana","RAJ PATEL MD SC",48.13,"Paid",,"RAJ PATEL MD SC",,,,,0.00,0.00,0.00,,,,,,,,,
,"11/22/2016","Medical","Narendra Makwana","RESURRECTION MEDICAL G",20.65,"Paid",,"RESURRECTION MEDICAL G",,,,,0.00,0.00,0.00,,,,,,,,,
,"8/15/2017","Medical","Narendra Makwana","RESURRECTION MEDICAL G",14.09,"Paid",,"RESURRECTION MEDICAL G",,,,,0.00,0.00,0.00,,,,,,,,,
,"9/10/2017","Medical","Narendra Makwana","SAMEDAY SURGERY 25 EAS",2190.00,"Paid",,"SAMEDAY SURGERY 25 EAS",,,,,0.00,0.00,0.00,,,,,,,,,
,"9/1/2017","Medical","Narendra Makwana","SHAH FACIAL PLASTICS",500.00,"Paid",,"SHAH FACIAL PLASTICS",,,,,0.00,0.00,0.00,,,,,,,,,
,"9/10/2017","Medical","Narendra Makwana","SHAH FACIAL PLASTICS",3350.00,"Paid",,"SHAH FACIAL PLASTICS",,,,,0.00,0.00,0.00,,,,,,,,,
,"9/11/2014","Other","Undefined","SMOKY MOUNTAIN URG